{
  "prepare_queue": {
    "installed": [],
    "uninstalled": []
  },
  "config_munge": {
    "files": {
      "res/xml/config.xml": {
        "parents": {
          "/*": [
            {
              "xml": "<feature name=\"Whitelist\"><param name=\"android-package\" value=\"org.apache.cordova.whitelist.WhitelistPlugin\" /><param name=\"onload\" value=\"true\" /></feature>",
              "count": 1
            },
            {
              "xml": "<feature name=\"Camera\"><param name=\"android-package\" value=\"org.apache.cordova.camera.CameraLauncher\" /></feature>",
              "count": 1
            }
          ]
        }
      },
      "AndroidManifest.xml": {
        "parents": {
          "/*": [
            {
              "xml": "<uses-permission android:name=\"android.permission.WRITE_EXTERNAL_STORAGE\" />",
              "count": 1
            }
          ],
          "application": [
            {
              "xml": "<provider android:authorities=\"${applicationId}.provider\" android:exported=\"false\" android:grantUriPermissions=\"true\" android:name=\"org.apache.cordova.camera.FileProvider\"><meta-data android:name=\"android.support.FILE_PROVIDER_PATHS\" android:resource=\"@xml/camera_provider_paths\" /></provider>",
              "count": 1
            }
          ]
        }
      },
      "-Info.plist": {
        "parents": {
          "NSCameraUsageDescription": [
            {
              "xml": "<string>need camera</string>",
              "count": 1,
              "mode": "merge",
              "id": "config.xml"
            }
          ],
          "NSPhotoLibraryUsageDescription": [
            {
              "xml": "<string>need photo lib</string>",
              "count": 1,
              "mode": "merge",
              "id": "config.xml"
            }
          ],
          "NSLocationWhenInUseUsageDescription": [
            {
              "xml": "<string>need location</string>",
              "count": 1,
              "mode": "merge",
              "id": "config.xml"
            }
          ],
          "NSPhotoLibraryAddUsageDescription": [
            {
              "xml": "<string>need photo lib add</string>",
              "count": 1,
              "mode": "merge",
              "id": "config.xml"
            }
          ]
        }
      }
    }
  },
  "installed_plugins": {
    "cordova-plugin-whitelist": {
      "PACKAGE_NAME": "com.example.app"
    },
    "cordova-plugin-camera": {
      "PACKAGE_NAME": "com.example.app"
    },
    "cordova-plugin-ios-camera-permissions": {
      "PACKAGE_NAME": "com.example.app"
    }
  },
  "dependent_plugins": {},
  "modules": [
    {
      "id": "cordova-plugin-camera.Camera",
      "file": "plugins/cordova-plugin-camera/www/CameraConstants.js",
      "pluginId": "cordova-plugin-camera",
      "clobbers": [
        "Camera"
      ]
    },
    {
      "id": "cordova-plugin-camera.CameraPopoverOptions",
      "file": "plugins/cordova-plugin-camera/www/CameraPopoverOptions.js",
      "pluginId": "cordova-plugin-camera",
      "clobbers": [
        "CameraPopoverOptions"
      ]
    },
    {
      "id": "cordova-plugin-camera.camera",
      "file": "plugins/cordova-plugin-camera/www/Camera.js",
      "pluginId": "cordova-plugin-camera",
      "clobbers": [
        "navigator.camera"
      ]
    },
    {
      "id": "cordova-plugin-camera.CameraPopoverHandle",
      "file": "plugins/cordova-plugin-camera/www/CameraPopoverHandle.js",
      "pluginId": "cordova-plugin-camera",
      "clobbers": [
        "CameraPopoverHandle"
      ]
    }
  ],
  "plugin_metadata": {
    "cordova-plugin-whitelist": "1.3.3",
    "cordova-plugin-camera": "4.0.3",
    "cordova-plugin-ios-camera-permissions": "1.2.0"
  }
}