{
  "prepare_queue": {
    "installed": [],
    "uninstalled": []
  },
  "config_munge": {
    "files": {
      "-Info.plist": {
        "parents": {
          "NSCameraUsageDescription": [
            {
              "xml": "<string>need camera</string>",
              "count": 1,
              "mode": "merge",
              "id": "config.xml"
            }
          ],
          "NSPhotoLibraryUsageDescription": [
            {
              "xml": "<string>need photo lib</string>",
              "count": 1,
              "mode": "merge",
              "id": "config.xml"
            }
          ],
          "NSLocationWhenInUseUsageDescription": [
            {
              "xml": "<string>need location</string>",
              "count": 1,
              "mode": "merge",
              "id": "config.xml"
            }
          ],
          "NSPhotoLibraryAddUsageDescription": [
            {
              "xml": "<string>need photo lib add</string>",
              "count": 1,
              "mode": "merge",
              "id": "config.xml"
            }
          ]
        }
      },
      "config.xml": {
        "parents": {
          "/*": [
            {
              "xml": "<feature name=\"Camera\"><param name=\"ios-package\" value=\"CDVCamera\" /></feature>",
              "count": 1
            },
            {
              "xml": "<preference name=\"CameraUsesGeolocation\" value=\"false\" />",
              "count": 1
            }
          ]
        }
      },
      "*-Info.plist": {
        "parents": {
          "NSCameraUsageDescription": [
            {
              "xml": "<string>This app needs camera access</string>",
              "count": 1
            }
          ],
          "NSMicrophoneUsageDescription": [
            {
              "xml": "<string>This app needs microphone access</string>",
              "count": 1
            }
          ],
          "NSPhotoLibraryAddUsageDescription": [
            {
              "xml": "<string>This app needs write-access to photo library</string>",
              "count": 1
            }
          ],
          "NSPhotoLibraryUsageDescription": [
            {
              "xml": "<string>This app needs read/write-access photo library access</string>",
              "count": 1
            }
          ]
        }
      }
    }
  },
  "installed_plugins": {
    "cordova-plugin-camera": {
      "PACKAGE_NAME": "com.milap.app"
    },
    "cordova-plugin-ios-camera-permissions": {
      "CAMERA_USAGE_DESCRIPTION": "This app needs camera access",
      "MICROPHONE_USAGE_DESCRIPTION": "This app needs microphone access",
      "PHOTOLIBRARY_ADD_USAGE_DESCRIPTION": "This app needs write-access to photo library",
      "PHOTOLIBRARY_USAGE_DESCRIPTION": "This app needs read/write-access photo library access",
      "PACKAGE_NAME": "com.milap.app"
    },
    "cordova-plugin-whitelist": {
      "PACKAGE_NAME": "com.milap.app"
    }
  },
  "dependent_plugins": {},
  "modules": [
    {
      "id": "cordova-plugin-camera.Camera",
      "file": "plugins/cordova-plugin-camera/www/CameraConstants.js",
      "pluginId": "cordova-plugin-camera",
      "clobbers": [
        "Camera"
      ]
    },
    {
      "id": "cordova-plugin-camera.CameraPopoverOptions",
      "file": "plugins/cordova-plugin-camera/www/CameraPopoverOptions.js",
      "pluginId": "cordova-plugin-camera",
      "clobbers": [
        "CameraPopoverOptions"
      ]
    },
    {
      "id": "cordova-plugin-camera.camera",
      "file": "plugins/cordova-plugin-camera/www/Camera.js",
      "pluginId": "cordova-plugin-camera",
      "clobbers": [
        "navigator.camera"
      ]
    },
    {
      "id": "cordova-plugin-camera.CameraPopoverHandle",
      "file": "plugins/cordova-plugin-camera/www/ios/CameraPopoverHandle.js",
      "pluginId": "cordova-plugin-camera",
      "clobbers": [
        "CameraPopoverHandle"
      ]
    }
  ],
  "plugin_metadata": {
    "cordova-plugin-camera": "4.0.3",
    "cordova-plugin-ios-camera-permissions": "1.2.0",
    "cordova-plugin-whitelist": "1.3.3"
  }
}